506, 506, Job,19,Description,12,Job Description,12,analysts,11,Data,9,data,7,Data analysts,6,Manager Job,3,Manager Job Description,3,Skills: Data,3,Skills: Data analysts,3,analysts made,3,Analyst Job Description,2,Assistant Job Description,2,DO DATA ANALYSTS,2,Data Analyst Job Description,2,You will need to,2,$$70,960 annually. WHAT ARE,1,$29.12 an hour, or,1,$34.12 per hour, or,1,/n506, Job,19,Description,12,Job Description,12,analysts,11,Data analysts,6,Manager Job,3,Manager Job Description,3,Skills: Data analysts,3,Analyst Job Description,2,Data Analyst Job Description,2,You will need to,2,$$70 960 annually. WHAT ARE,1,/n506, job,23,data,18,analysts,13,job description,12,data analysts,9,analysts made,3,manager job description,3,skills: data analysts,3,analyst job description,2,data analyst job description,2,you will need to,2,$$70 960 annually. what are,1,
506, job,23,data,18,analysts,13,job description,12,data analysts,9,analysts made,3,manager job description,3,skills: data analysts,3,analyst job description,2,data analyst job description,2,you will need to,2,$$70 960 annually. what are,1,
847, excel,15,correlation,12,ms,11,values,11,ms office,7,how to,6,in excel,6,is the,6,excel ms office,5,ms office how,5,ms office how to,5,office how to,5,excel ms office how,4,in ms excel,4,in excel ms office,3,/ privacy kodi more…,2,
847, excel,15,correlation,12,ms,11,values,11,ms office,7,how to,6,in excel,6,is the,6,excel ms office,5,ms office how,5,ms office how to,5,office how to,5,excel ms office how,4,in ms excel,4,in excel ms office,3,/ privacy kodi more…,2,
847, excel,15,correlation,12,ms,11,ms office,7,how to,6,in excel,6,excel ms office,5,ms office how,5,ms office how to,5,office how to,5,excel ms office how,4,in excel ms office,3,
847, excel,15,correlation,12,ms,11,ms office,7,how to,6,in excel,6,excel ms office,5,ms office how,5,ms office how to,5,office how to,5,excel ms office how,4,in excel ms office,3,
847, excel,15,correlation,12,ms,11,ms office,7,how to,6,in excel,6,excel ms office,5,ms office how,5,ms office how to,5,office how to,5,excel ms office how,4,in excel ms office,3,
847, excel,15,correlation,12,ms,11,ms office,7,how to,6,in excel,6,excel ms office,5,ms office how,5,ms office how to,5,office how to,5,excel ms office how,4,in excel ms office,3,
847, excel,15,correlation,12,ms,11,ms office,7,how to,6,in excel,6,excel ms office,5,ms office how,5,ms office how to,5,office how to,5,excel ms office how,4,in excel ms office,3,
847, excel,15,correlation,12,ms,11,values,11,office,9,ms office,7,how to,6,in excel,6,is the,6,excel ms,5,excel ms office,5,ms office how,5,ms office how to,5,office how to,5,excel ms office how,4,in ms excel,4,in excel ms,3,in excel ms office,3,/ privacy kodi more…,2,3 great ways to,2,
847, excel,15,correlation,12,ms,11,values,11,ms office,7,how to,6,in excel,6,is the,6,excel ms office,5,ms office how,5,ms office how to,5,office how to,5,excel ms office how,4,in ms excel,4,in excel ms office,3,/ privacy kodi more…,2,
847, excel,15,correlation,12,ms,11,values,11,ms office,7,how to,6,in excel,6,is the,6,excel ms office,5,ms office how,5,ms office how to,5,office how to,5,excel ms office how,4,in ms excel,4,in excel ms office,3,/ privacy kodi more…,2,
847, excel,15,correlation,12,ms,11,values,11,ms office,7,how to,6,in excel,6,is the,6,excel ms office,5,ms office how,5,ms office how to,5,office how to,5,excel ms office how,4,in ms excel,4,in excel ms office,3,/ privacy kodi more…,2,
847, excel,15,correlation,12,ms,11,values,11,ms office,7,how to,6,in excel,6,is the,6,excel ms office,5,ms office how,5,ms office how to,5,office how to,5,excel ms office how,4,in ms excel,4,in excel ms office,3,/ privacy kodi more…,2,
847, excel,15,correlation,12,ms,11,ms office,7,how to,6,in excel,6,excel ms office,5,ms office how,5,ms office how to,5,office how to,5,excel ms office how,4,in excel ms office,3,
847, excel,15,correlation,12,ms,11,ms office,7,how to,6,in excel,6,excel ms office,5,ms office how,5,ms office how to,5,office how to,5,excel ms office how,4,in excel ms office,3,
847, excel,15,correlation,12,ms,11,values,11,office,9,ms office,7,how to,6,in excel,6,is the,6,excel ms,5,excel ms office,5,ms office how,5,ms office how to,5,office how to,5,excel ms office how,4,in ms excel,4,in excel ms,3,in excel ms office,3,/ privacy kodi more…,2,3 great ways to,2,847, excel,15,correlation,12,ms,11,values,11,ms office,7,how to,6,in excel,6,is the,6,excel ms office,5,ms office how,5,ms office how to,5,office how to,5,excel ms office how,4,in ms excel,4,in excel ms office,3,/ privacy kodi more…,2,11 847, excel,15,correlation,12,ms,11,ms office,7,how to,6,in excel,6,excel ms office,5,ms office how,5,ms office how to,5,office how to,5,excel ms office how,4,in excel ms office,3,11 Find Correlation Between Datasets In Excel 2010847, excel,15,correlation,12,ms,11,values,11,ms office,7,how to,6,in excel,6,is the,6,excel ms office,5,ms office how,5,ms office how to,5,office how to,5,excel ms office how,4,in ms excel,4,in excel ms office,3,/ privacy kodi more…,2,11 Find Correlation Between Datasets In Excel 2010847, excel,15,correlation,12,ms,11,values,11,ms office,7,how to,6,in excel,6,is the,6,excel ms office,5,ms office how,5,ms office how to,5,office how to,5,excel ms office how,4,in ms excel,4,in excel ms office,3,/ privacy kodi more…,2,11 Find Correlation Between Datasets In Excel 2010847, excel,15,correlation,12,ms,11,values,11,ms office,7,how to,6,in excel,6,is the,6,excel ms office,5,ms office how,5,ms office how to,5,office how to,5,excel ms office how,4,in ms excel,4,in excel ms office,3,/ privacy kodi more…,2,11 Find Correlation Between Datasets In Excel 2010